group,file,words,desklib,fakespot,radar
human,human-01,294,0.1191,0.4778,0.0206
human,human-02,276,0.2197,0.3083,0.2501
human,human-03,307,0.2538,0.006,0.0534
human,human-04,304,0.0279,0.0005,0.0997
human,human-05,369,0.0057,0.0149,0.0394
human,human-06,291,0.0834,0.0004,0.0249
human,human-07,342,0.1452,0.0134,0.0148
human,human-08,286,0.0236,0.0077,0.036
human,human-09,299,0.3579,0.003,0.0112
human,human-10,282,0.4077,0.001,0.059
inputs,01-linkedin-post.md,159,0.9629,0.0446,0.0197
inputs,02-cold-sales-email.md,59,0.352,0.0065,0.9968
inputs,03-release-notes.md,62,0.9962,0.0011,0.4859
inputs,04-newsletter-intro.md,92,0.9887,0.0404,0.6698
inputs,05-prd-section-problem-goals.md,468,0.3131,0.1686,0.0073
inputs,06-landing-page-copy-hero-3-secti.md,142,0.1775,0.0005,0.0208
inputs,07-slack-status-update-to-the-tea.md,30,0.3619,0.0234,0.9827
inputs,08-blog-post-paragraph-opinion.md,76,0.9968,0.0069,0.6607
inputs,09-customer-support-reply.md,122,0.9991,0.3157,0.7865
inputs,10-customer-email-announcing-a-pr.md,88,0.9907,0.0154,0.9853
inputs,11-job-post-intro.md,224,0.4664,0.2554,0.0064
inputs,12-conference-talk-abstract-speak.md,98,0.9997,0.001,0.9813
inputs,13-internal-strategy-memo.md,521,0.3208,0.592,0.0096
inputs,14-x-twitter-thread-5-7-posts.md,189,0.9058,0.1409,0.01
inputs,15-app-store-description.md,239,0.9981,0.0017,0.0199
inputs,16-personal-reflection-first-pers.md,119,0.4446,0.828,0.0988
holdout/inputs,01-linkedin-post.md,101,0.1215,0.022,0.0247
holdout/inputs,02-recruiting-outreach-email.md,68,0.247,0.3386,0.9584
holdout/inputs,03-product-update-email-to-users.md,193,0.999,0.1188,0.0363
holdout/inputs,04-newsletter-intro.md,147,0.945,0.8629,0.0774
holdout/inputs,05-slack-message-asking-a-colleag.md,59,0.29,0.1211,0.9989
holdout/inputs,06-how-to-blog-paragraph.md,106,0.3011,0.3252,0.0925
holdout/inputs,07-customer-support-reply-about-a.md,73,0.9998,0.3627,0.9954
holdout/inputs,08-about-page-founder-bio.md,70,0.9999,0.6879,0.933
outputs/A,01-linkedin-post.md,113,0.6187,0.0339,0.096
outputs/A,02-cold-sales-email.md,63,0.4238,0.0099,0.9972
outputs/A,03-release-notes.md,58,0.9964,0.0014,0.8683
outputs/A,04-newsletter-intro.md,94,0.9757,0.2706,0.6841
outputs/A,05-prd-section-problem-goals.md,472,0.152,0.0753,0.0072
outputs/A,06-landing-page-copy-hero-3-secti.md,114,0.1563,0.0004,0.0697
outputs/A,07-slack-status-update-to-the-tea.md,29,0.3645,0.0349,0.9813
outputs/A,08-blog-post-paragraph-opinion.md,51,0.959,0.0173,0.5014
outputs/A,09-customer-support-reply.md,79,0.9931,0.0316,0.9482
outputs/A,10-customer-email-announcing-a-pr.md,72,0.9959,0.1714,0.9846
outputs/A,11-job-post-intro.md,221,0.5895,0.2083,0.0071
outputs/A,12-conference-talk-abstract-speak.md,94,0.9684,0.0013,0.9758
outputs/A,13-internal-strategy-memo.md,528,0.1392,0.5411,0.0124
outputs/A,14-x-twitter-thread-5-7-posts.md,160,0.9876,0.7494,0.088
outputs/A,15-app-store-description.md,182,0.8883,0.0004,0.0125
outputs/A,16-personal-reflection-first-pers.md,115,0.6255,0.8581,0.0725
outputs/B,01-linkedin-post.md,123,0.5073,0.0129,0.0102
outputs/B,02-cold-sales-email.md,57,0.4333,0.0091,0.9955
outputs/B,03-release-notes.md,50,0.7397,0.0003,0.8877
outputs/B,04-newsletter-intro.md,92,0.8951,0.0854,0.7923
outputs/B,05-prd-section-problem-goals.md,461,0.1361,0.0408,0.0072
outputs/B,06-landing-page-copy-hero-3-secti.md,130,0.0623,0.0004,0.0242
outputs/B,07-slack-status-update-to-the-tea.md,27,0.3943,0.0493,0.9979
outputs/B,08-blog-post-paragraph-opinion.md,66,0.9781,0.1545,0.38
outputs/B,09-customer-support-reply.md,84,0.9922,0.0312,0.965
outputs/B,10-customer-email-announcing-a-pr.md,68,0.988,0.0874,0.9879
outputs/B,11-job-post-intro.md,218,0.3399,0.243,0.0069
outputs/B,12-conference-talk-abstract-speak.md,89,0.9565,0.0004,0.9819
outputs/B,13-internal-strategy-memo.md,489,0.2614,0.0225,0.0163
outputs/B,14-x-twitter-thread-5-7-posts.md,175,0.9899,0.7539,0.0132
outputs/B,15-app-store-description.md,197,0.9425,0.0013,0.0116
outputs/B,16-personal-reflection-first-pers.md,102,0.6368,0.9209,0.1375
outputs/B2,01-linkedin-post.md,124,0.6339,0.0325,0.0132
outputs/B2,02-cold-sales-email.md,59,0.5796,0.005,0.995
outputs/B2,03-release-notes.md,59,0.9941,0.0011,0.4475
outputs/B2,04-newsletter-intro.md,94,0.9801,0.3899,0.682
outputs/B2,05-prd-section-problem-goals.md,460,0.1214,0.6719,0.0071
outputs/B2,06-landing-page-copy-hero-3-secti.md,133,0.448,0.0019,0.0319
outputs/B2,07-slack-status-update-to-the-tea.md,31,0.3772,0.0359,0.9651
outputs/B2,08-blog-post-paragraph-opinion.md,59,0.9951,0.0361,0.4191
outputs/B2,09-customer-support-reply.md,77,0.9931,0.0335,0.981
outputs/B2,10-customer-email-announcing-a-pr.md,77,0.9965,0.0323,0.9915
outputs/B2,11-job-post-intro.md,219,0.4407,0.2272,0.0066
outputs/B2,12-conference-talk-abstract-speak.md,103,0.9977,0.0007,0.9807
outputs/B2,13-internal-strategy-memo.md,514,0.2152,0.4421,0.026
outputs/B2,14-x-twitter-thread-5-7-posts.md,186,0.9949,0.8989,0.0366
outputs/B2,15-app-store-description.md,199,0.9907,0.0015,0.0161
outputs/B2,16-personal-reflection-first-pers.md,115,0.602,0.832,0.0572
outputs/B3,01-linkedin-post.md,123,0.3901,0.0666,0.006
outputs/B3,02-cold-sales-email.md,54,0.494,0.0084,0.998
outputs/B3,03-release-notes.md,57,0.9731,0.0007,0.5892
outputs/B3,04-newsletter-intro.md,95,0.9517,0.2322,0.571
outputs/B3,05-prd-section-problem-goals.md,463,0.1539,0.0542,0.0068
outputs/B3,06-landing-page-copy-hero-3-secti.md,131,0.4879,0.0008,0.0825
outputs/B3,07-slack-status-update-to-the-tea.md,31,0.293,0.0287,0.9729
outputs/B3,08-blog-post-paragraph-opinion.md,59,0.9895,0.0207,0.2297
outputs/B3,09-customer-support-reply.md,84,0.9981,0.0667,0.9262
outputs/B3,10-customer-email-announcing-a-pr.md,77,0.9993,0.1967,0.9821
outputs/B3,11-job-post-intro.md,222,0.637,0.3224,0.0069
outputs/B3,12-conference-talk-abstract-speak.md,106,0.9481,0.0013,0.9685
outputs/B3,13-internal-strategy-memo.md,524,0.1864,0.0655,0.0103
outputs/B3,14-x-twitter-thread-5-7-posts.md,181,0.9875,0.6975,0.0258
outputs/B3,15-app-store-description.md,207,0.9876,0.0008,0.0167
outputs/B3,16-personal-reflection-first-pers.md,114,0.6745,0.9318,0.1188
outputs/C,01-linkedin-post.md,183,0.3631,0.0163,0.0113
outputs/C,02-cold-sales-email.md,70,0.7264,0.0487,0.9879
outputs/C,03-release-notes.md,75,0.7891,0.0007,0.1082
outputs/C,04-newsletter-intro.md,94,0.7808,0.0579,0.5411
outputs/C,05-prd-section-problem-goals.md,481,0.2219,0.0188,0.0067
outputs/C,06-landing-page-copy-hero-3-secti.md,142,0.8285,0.0017,0.0525
outputs/C,07-slack-status-update-to-the-tea.md,34,0.4074,0.0294,0.9983
outputs/C,08-blog-post-paragraph-opinion.md,78,0.9989,0.1431,0.6023
outputs/C,09-customer-support-reply.md,80,0.9928,0.1499,0.9489
outputs/C,10-customer-email-announcing-a-pr.md,109,0.9963,0.1891,0.8075
outputs/C,11-job-post-intro.md,220,0.2528,0.7384,0.0114
outputs/C,12-conference-talk-abstract-speak.md,109,0.9944,0.0015,0.831
outputs/C,13-internal-strategy-memo.md,595,0.1825,0.5202,0.0096
outputs/C,14-x-twitter-thread-5-7-posts.md,183,0.9811,0.9243,0.0145
outputs/C,15-app-store-description.md,227,0.9714,0.001,0.0071
outputs/C,16-personal-reflection-first-pers.md,123,0.4891,0.3496,0.0207
outputs/E,01-linkedin-post.md,168,0.0448,0.0011,0.3249
outputs/E,02-cold-sales-email.md,80,0.4393,0.0043,0.9901
outputs/E,03-release-notes.md,57,0.8876,0.0012,0.9508
outputs/E,04-newsletter-intro.md,86,0.8794,0.2034,0.95
outputs/E,05-prd-section-problem-goals.md,507,0.3871,0.2859,0.3529
outputs/E,06-landing-page-copy-hero-3-secti.md,129,0.4926,0.0075,0.1693
outputs/E,08-blog-post-paragraph-opinion.md,67,0.7097,0.0015,0.9893
outputs/E,09-customer-support-reply.md,114,0.9717,0.0334,0.9596
outputs/E,10-customer-email-announcing-a-pr.md,98,0.9952,0.0069,0.9707
outputs/E,11-job-post-intro.md,168,0.021,0.0008,0.2362
outputs/E,12-conference-talk-abstract-speak.md,115,0.9384,0.0004,0.5557
outputs/E,13-internal-strategy-memo.md,606,0.151,0.1036,0.2248
outputs/E,14-x-twitter-thread-5-7-posts.md,163,0.9245,0.141,0.0728
outputs/E,15-app-store-description.md,184,0.9991,0.0004,0.0264
outputs/E,16-personal-reflection-first-pers.md,91,0.2639,0.5993,0.9792
track2/A-int,01-linkedin-post.md,131,0.6012,0.0721,0.0153
track2/A-int,02-cold-sales-email.md,60,0.4599,0.0114,0.9971
track2/A-int,03-release-notes.md,58,0.9964,0.0014,0.8683
track2/A-int,04-newsletter-intro.md,94,0.9757,0.2706,0.6841
track2/A-int,05-prd-section-problem-goals.md,453,0.0701,0.024,0.0053
track2/A-int,06-landing-page-copy-hero-3-secti.md,126,0.4908,0.0006,0.0303
track2/A-int,07-slack-status-update-to-the-tea.md,29,0.3645,0.0349,0.9813
track2/A-int,08-blog-post-paragraph-opinion.md,61,0.9445,0.0267,0.347
track2/A-int,09-customer-support-reply.md,74,0.9774,0.0299,0.9833
track2/A-int,10-customer-email-announcing-a-pr.md,73,0.9914,0.0935,0.9924
track2/A-int,11-job-post-intro.md,227,0.7547,0.1817,0.0068
track2/A-int,12-conference-talk-abstract-speak.md,84,0.4647,0.0003,0.9913
track2/A-int,13-internal-strategy-memo.md,524,0.2092,0.1712,0.0136
track2/A-int,14-x-twitter-thread-5-7-posts.md,182,0.9938,0.9792,0.0305
track2/A-int,15-app-store-description.md,190,0.993,0.001,0.0177
track2/A-int,16-personal-reflection-first-pers.md,117,0.7075,0.9127,0.0608
track2/B-int,01-linkedin-post.md,118,0.1869,0.0038,0.0075
track2/B-int,02-cold-sales-email.md,57,0.4903,0.0298,0.996
track2/B-int,03-release-notes.md,41,0.7683,0.0004,0.8498
track2/B-int,04-newsletter-intro.md,94,0.9369,0.1764,0.5381
track2/B-int,05-prd-section-problem-goals.md,454,0.135,0.0296,0.0068
track2/B-int,06-landing-page-copy-hero-3-secti.md,130,0.1109,0.0008,0.0176
track2/B-int,07-slack-status-update-to-the-tea.md,27,0.3943,0.0493,0.9979
track2/B-int,08-blog-post-paragraph-opinion.md,58,0.821,0.0142,0.3782
track2/B-int,09-customer-support-reply.md,77,0.9752,0.0197,0.8906
track2/B-int,10-customer-email-announcing-a-pr.md,71,0.9615,0.049,0.989
track2/B-int,11-job-post-intro.md,208,0.4802,0.3766,0.0062
track2/B-int,12-conference-talk-abstract-speak.md,172,0.1006,0.0008,0.0044
track2/B-int,13-internal-strategy-memo.md,515,0.1613,0.1014,0.0133
track2/B-int,14-x-twitter-thread-5-7-posts.md,129,0.7068,0.1064,0.0521
track2/B-int,15-app-store-description.md,195,0.9836,0.0008,0.0103
track2/B-int,16-personal-reflection-first-pers.md,109,0.6639,0.8858,0.1084
track2/B2-int,01-linkedin-post.md,145,0.0281,0.0229,0.0032
track2/B2-int,02-cold-sales-email.md,107,0.2298,0.0041,0.0864
track2/B2-int,03-release-notes.md,61,0.9848,0.0004,0.7615
track2/B2-int,04-newsletter-intro.md,94,0.9757,0.2706,0.6841
track2/B2-int,05-prd-section-problem-goals.md,462,0.1373,0.0422,0.0068
track2/B2-int,06-landing-page-copy-hero-3-secti.md,116,0.1498,0.0005,0.0046
track2/B2-int,07-slack-status-update-to-the-tea.md,28,0.4011,0.0305,0.9893
track2/B2-int,08-blog-post-paragraph-opinion.md,58,0.9963,0.0387,0.8894
track2/B2-int,09-customer-support-reply.md,84,0.9985,0.063,0.9564
track2/B2-int,10-customer-email-announcing-a-pr.md,83,0.9996,0.3763,0.9942
track2/B2-int,11-job-post-intro.md,261,0.4526,0.0747,0.0071
track2/B2-int,12-conference-talk-abstract-speak.md,173,0.0648,0.0005,0.0037
track2/B2-int,13-internal-strategy-memo.md,525,0.291,0.586,0.0136
track2/B2-int,14-x-twitter-thread-5-7-posts.md,126,0.9924,0.5622,0.0424
track2/B2-int,15-app-store-description.md,204,0.9852,0.0008,0.0098
track2/B2-int,16-personal-reflection-first-pers.md,109,0.6701,0.9139,0.1011
track3/A,01.md,286,0.3859,0.5981,0.0039
track3/A,07.md,288,0.3271,0.0124,0.004
track3/A,08.md,254,0.0988,0.002,0.0064
track3/A,09.md,275,0.7172,0.0005,0.0051
track3/A-ask,01.md,262,0.3676,0.5938,0.006
track3/A-ask,07.md,329,0.1729,0.0024,0.0041
track3/A-ask,08.md,269,0.0873,0.0034,0.0056
track3/A-ask,09.md,292,0.9388,0.0011,0.0055
track3/A-int,01.md,281,0.5388,0.3416,0.0037
track3/A-int,07.md,304,0.2401,0.0051,0.0041
track3/A-int,08.md,250,0.1995,0.002,0.0051
track3/A-int,09.md,299,0.9696,0.0024,0.0055
track3/A-notes,01.md,275,0.6928,0.3329,0.0058
track3/A-notes,07.md,288,0.591,0.0175,0.0038
track3/A-notes,08.md,281,0.1457,0.0014,0.0117
track3/A-notes,09.md,319,0.5481,0.0021,0.007
track3/B2,01.md,299,0.5846,0.5457,0.0036
track3/B2,07.md,309,0.4188,0.043,0.0035
track3/B2,08.md,269,0.3945,0.0042,0.0071
track3/B2,09.md,296,0.9886,0.0055,0.0058
track3/B2-ask,01.md,281,0.3014,0.516,0.0044
track3/B2-ask,07.md,354,0.3347,0.0177,0.0038
track3/B2-ask,08.md,291,0.7465,0.0337,0.0123
track3/B2-ask,09.md,275,0.9053,0.0081,0.0076
track3/B2-int,01.md,289,0.5845,0.5225,0.0039
track3/B2-int,07.md,309,0.3492,0.0473,0.0036
track3/B2-int,08.md,261,0.3869,0.0033,0.0067
track3/B2-int,09.md,274,0.9666,0.0049,0.0058
track3/B2-notes,01.md,311,0.884,0.8813,0.0086
track3/B2-notes,07.md,365,0.0373,0.0026,0.0104
track3/B2-notes,08.md,275,0.1599,0.0174,0.0204
track3/B2-notes,09.md,304,0.7335,0.007,0.0071
track3/C,01.md,303,0.198,0.9113,0.0034
track3/C,07.md,309,0.1756,0.019,0.0053
track3/C,08.md,275,0.0999,0.0033,0.0049
track3/C,09.md,350,0.8306,0.0061,0.0049
track3/D,01.md,305,0.6811,0.6738,0.0039
track3/D,07.md,318,0.7288,0.0692,0.0034
track3/D,08.md,274,0.5412,0.0227,0.0081
track3/D,09.md,311,0.9884,0.0082,0.0064
track3/E,01.md,278,0.0872,0.0319,0.0105
track3/E,07.md,351,0.0962,0.0033,0.0173
track3/E,08.md,286,0.0081,0.0007,0.018
track3/E,09.md,294,0.6575,0.0012,0.0121
track3/H,01.md,294,0.1191,0.4778,0.0206
track3/H,07.md,342,0.1452,0.0134,0.0148
track3/H,08.md,286,0.0236,0.0077,0.036
track3/H,09.md,299,0.3579,0.003,0.0112
gen/E-write,01-linkedin-post.md,69,0.7626,0.0004,0.9994
gen/E-write,02-cold-sales-email.md,60,0.8542,0.0078,0.9991
gen/E-write,03-release-notes.md,38,0.5945,0.0457,0.9987
gen/E-write,04-newsletter-intro.md,117,0.8067,0.0175,0.6223
gen/E-write,05-prd-section-problem-goals.md,394,0.3153,0.7829,0.3743
gen/E-write,06-landing-page-copy-hero-3-secti.md,191,0.8958,0.0004,0.0831
gen/E-write,07-slack-status-update-to-the-tea.md,34,0.1273,0.0072,0.9942
gen/E-write,08-blog-post-paragraph-opinion.md,66,0.9564,0.0042,0.9952
gen/E-write,09-customer-support-reply.md,106,0.7735,0.2237,0.9432
gen/E-write,10-customer-email-announcing-a-pr.md,90,0.9115,0.0024,0.8658
gen/E-write,11-job-post-intro.md,214,0.908,0.9886,0.0696
gen/E-write,12-conference-talk-abstract-speak.md,108,0.956,0.0035,0.9942
gen/E-write,13-internal-strategy-memo.md,380,0.8859,0.9789,0.2252
gen/E-write,14-x-twitter-thread-5-7-posts.md,130,0.9948,0.4269,0.7682
gen/E-write,15-app-store-description.md,93,0.9944,0.0314,0.9728
gen/E-write,16-personal-reflection-first-pers.md,146,0.9699,0.9909,0.722
holdout/outputs/A,01-linkedin-post.md,93,0.3782,0.0061,0.0664
holdout/outputs/A,02-recruiting-outreach-email.md,67,0.8757,0.9159,0.9931
holdout/outputs/A,03-product-update-email-to-users.md,152,0.9986,0.0761,0.1813
holdout/outputs/A,04-newsletter-intro.md,121,0.9898,0.7566,0.0813
