group,file,input_words,words_charged,cumulative,reads_human,elapsed,status
t1,01-linkedin-post.md,159,159,159,,9,ok
t1,02-cold-sales-email.md,59,59,218,,5,ok
t1,03-release-notes.md,62,62,280,,4,ok
t1,04-newsletter-intro.md,92,92,372,,5,ok
t1,05-prd-section-problem-goals.md,468,468,840,,24,ok
t1,06-landing-page-copy-hero-3-secti.md,142,142,982,,8,ok
t1,07-slack-status-update-to-the-tea.md,30,0,982,,,"HTTP 400: {""error"":{""code"":""too_short"",""message"":""Send at least 40 words.""}}"
t1,08-blog-post-paragraph-opinion.md,76,76,1058,,4,ok
t1,09-customer-support-reply.md,122,122,1180,,5,ok
t1,10-customer-email-announcing-a-pr.md,88,88,1268,,5,ok
t1,11-job-post-intro.md,224,224,1492,,12,ok
t1,12-conference-talk-abstract-speak.md,98,98,1590,,6,ok
t1,13-internal-strategy-memo.md,521,521,2111,,27,ok
t1,14-x-twitter-thread-5-7-posts.md,189,189,2300,,9,ok
t1,15-app-store-description.md,239,239,2539,,10,ok
t1,16-personal-reflection-first-pers.md,119,119,2658,,6,ok
t3,01.md,305,305,2963,,13,ok
t3,07.md,318,318,3281,,17,ok
t3,08.md,274,274,3555,,14,ok
t3,09.md,311,311,3866,,14,ok
gen,01-linkedin-post.md,159,159,4025,,6,ok
gen,02-cold-sales-email.md,59,59,4084,,5,ok
gen,03-release-notes.md,62,62,4146,,5,ok
gen,04-newsletter-intro.md,92,92,4238,,9,ok
gen,05-prd-section-problem-goals.md,468,468,4706,,29,ok
gen,06-landing-page-copy-hero-3-secti.md,142,142,4848,,14,ok
gen,07-slack-status-update-to-the-tea.md,50,50,4898,,4,ok
gen,08-blog-post-paragraph-opinion.md,76,76,4974,,7,ok
gen,09-customer-support-reply.md,122,122,5096,,7,ok
gen,10-customer-email-announcing-a-pr.md,88,88,5184,,7,ok
gen,11-job-post-intro.md,224,224,5408,,16,ok
gen,12-conference-talk-abstract-speak.md,98,98,5506,,11,ok
gen,13-internal-strategy-memo.md,521,521,6027,,25,ok
gen,14-x-twitter-thread-5-7-posts.md,189,189,6216,,11,ok
gen,15-app-store-description.md,239,239,6455,,9,ok
gen,16-personal-reflection-first-pers.md,119,119,6574,,11,ok
holdout3,01-linkedin-post.md,180,180,6754,,10,ok
holdout3,02-cold-email-to-a-potential-part.md,110,110,6864,,7,ok
holdout3,03-product-launch-email-to-custom.md,174,174,7038,,11,ok
holdout3,04-newsletter-intro.md,117,117,7155,,5,ok
holdout3,05-slack-update-to-the-team.md,113,113,7268,,5,ok
holdout3,06-customer-support-reply.md,45,45,7313,,4,ok
holdout3,07-blog-post-paragraph-how-to-or-.md,250,250,7563,,11,ok
holdout3,08-landing-page-section.md,98,98,7661,,7,ok
holdout3,09-job-post-intro.md,146,146,7807,,7,ok
holdout3,10-speaker-bio.md,95,95,7902,,5,ok
holdout3,11-personal-essay-paragraph.md,199,199,8101,,9,ok
holdout3,12-community-event-announcement.md,52,52,8153,,4,ok
