key,group,file,words,units_billed_est,cumulative_est,stage,version,prediction_short,fraction_ai,fraction_ai_assisted,fraction_human,pangram_word_count
manual_test_call,manual test call (not part of the results),,90,1,1,STAGE_SUCCESS,,Human,0.0,0.0,1.0,
track3_H__01,track3/H,01.md,294,3,4,STAGE_SUCCESS,4.0,Human,0.0,0.0,1.0,289
track3_H__07,track3/H,07.md,342,4,8,STAGE_SUCCESS,4.0,Human,0.0,0.0,1.0,351
track3_H__08,track3/H,08.md,286,3,11,STAGE_SUCCESS,4.0,Human,0.0,0.0,1.0,296
track3_H__09,track3/H,09.md,299,3,14,STAGE_SUCCESS,4.0,Human,0.0,0.0,1.0,307
track3_D__01,track3/D,01.md,305,4,18,STAGE_SUCCESS,4.0,AI,1.0,0.0,0.0,309
track3_D__07,track3/D,07.md,317,4,22,STAGE_SUCCESS,4.0,AI,1.0,0.0,0.0,326
track3_D__08,track3/D,08.md,273,3,25,STAGE_SUCCESS,4.0,AI,1.0,0.0,0.0,284
track3_D__09,track3/D,09.md,311,4,29,STAGE_SUCCESS,4.0,AI,1.0,0.0,0.0,321
track3_E__01,track3/E,01.md,278,3,32,STAGE_SUCCESS,4.0,Human,0.0,0.0,1.0,282
track3_E__07,track3/E,07.md,351,4,36,STAGE_SUCCESS,4.0,Human,0.0,0.0,1.0,359
track3_E__08,track3/E,08.md,286,3,39,STAGE_SUCCESS,4.0,Human,0.0,0.0,1.0,280
track3_E__09,track3/E,09.md,294,3,42,STAGE_SUCCESS,4.0,Human,0.0,0.0,1.0,300
track3_A__01,track3/A,01.md,286,3,45,STAGE_SUCCESS,4.0,AI,1.0,0.0,0.0,289
track3_A__07,track3/A,07.md,287,3,48,STAGE_SUCCESS,4.0,AI,1.0,0.0,0.0,291
track3_A__08,track3/A,08.md,253,3,51,STAGE_SUCCESS,4.0,Mixed,0.2908587157726288,0.7091412544250488,0.0,257
track3_A__09,track3/A,09.md,275,3,54,STAGE_SUCCESS,4.0,AI,0.8479233384132385,0.15207667648792267,0.0,280
track3_B2__01,track3/B2,01.md,299,3,57,STAGE_SUCCESS,4.0,AI,1.0,0.0,0.0,303
track3_B2__07,track3/B2,07.md,308,4,61,STAGE_SUCCESS,4.0,AI,1.0,0.0,0.0,315
track3_B2__08,track3/B2,08.md,268,3,64,STAGE_SUCCESS,4.0,Mixed,0.349572092294693,0.6504279375076294,0.0,277
track3_B2__09,track3/B2,09.md,296,3,67,STAGE_SUCCESS,4.0,AI,1.0,0.0,0.0,306
track3_C__01,track3/C,01.md,303,4,71,STAGE_SUCCESS,4.0,AI,1.0,0.0,0.0,312
track3_C__07,track3/C,07.md,308,4,75,STAGE_SUCCESS,4.0,AI,1.0,0.0,0.0,319
track3_C__08,track3/C,08.md,274,3,78,STAGE_SUCCESS,4.0,Mixed,0.4315023124217987,0.5684976577758789,0.0,285
track3_C__09,track3/C,09.md,350,4,82,STAGE_SUCCESS,4.0,AI,1.0,0.0,0.0,360
track3_A-notes__01,track3/A-notes,01.md,275,3,85,STAGE_SUCCESS,4.0,Mixed,0.21543408930301666,0.0,0.7845659255981445,279
track3_A-notes__07,track3/A-notes,07.md,287,3,88,STAGE_SUCCESS,4.0,AI,1.0,0.0,0.0,292
track3_A-notes__08,track3/A-notes,08.md,278,3,91,STAGE_SUCCESS,4.0,Human,0.0,0.0,1.0,287
track3_A-notes__09,track3/A-notes,09.md,319,4,95,STAGE_SUCCESS,4.0,AI,1.0,0.0,0.0,330
track3_B2-notes__01,track3/B2-notes,01.md,311,4,99,STAGE_SUCCESS,4.0,Mixed,0.16767123341560364,0.0,0.8323287963867188,310
track3_B2-notes__07,track3/B2-notes,07.md,364,4,103,STAGE_SUCCESS,4.0,Mixed,0.16046398878097534,0.0,0.8395360112190247,371
track3_B2-notes__08,track3/B2-notes,08.md,274,3,106,STAGE_SUCCESS,4.0,Human,0.0,0.0,1.0,285
track3_B2-notes__09,track3/B2-notes,09.md,304,4,110,STAGE_SUCCESS,4.0,Human,0.0,0.0,1.0,312
track3_A-ask__01,track3/A-ask,01.md,262,3,113,STAGE_SUCCESS,4.0,Mixed,0.40092167258262634,0.0,0.599078357219696,266
track3_A-ask__07,track3/A-ask,07.md,328,4,117,STAGE_SUCCESS,4.0,AI,0.8241875171661377,0.0,0.1758124679327011,336
track3_A-ask__08,track3/A-ask,08.md,268,3,120,STAGE_SUCCESS,4.0,Mixed,0.0,1.0,0.0,277
track3_A-ask__09,track3/A-ask,09.md,292,3,123,STAGE_SUCCESS,4.0,AI,1.0,0.0,0.0,299
track3_B2-ask__01,track3/B2-ask,01.md,281,3,126,STAGE_SUCCESS,4.0,AI,1.0,0.0,0.0,284
track3_B2-ask__07,track3/B2-ask,07.md,353,4,130,STAGE_SUCCESS,4.0,Mixed,0.567858874797821,0.0,0.43214109539985657,360
track3_B2-ask__08,track3/B2-ask,08.md,290,3,133,STAGE_SUCCESS,4.0,Mixed,0.35029587149620056,0.0,0.6497041583061218,300
track3_B2-ask__09,track3/B2-ask,09.md,275,3,136,STAGE_SUCCESS,4.0,Human,0.0,0.0,1.0,289
track3_B2-int__01,track3/B2-int,01.md,289,3,139,STAGE_SUCCESS,4.0,AI,1.0,0.0,0.0,292
track3_B2-int__07,track3/B2-int,07.md,308,4,143,STAGE_SUCCESS,4.0,AI,1.0,0.0,0.0,315
track3_B2-int__08,track3/B2-int,08.md,260,3,146,STAGE_SUCCESS,4.0,Mixed,0.741542637348175,0.25845736265182495,0.0,268
track3_B2-int__09,track3/B2-int,09.md,274,3,149,STAGE_SUCCESS,4.0,AI,0.8690476417541504,0.0,0.130952388048172,287
track3_A-int__01,track3/A-int,01.md,281,3,152,STAGE_SUCCESS,4.0,AI,1.0,0.0,0.0,284
track3_A-int__07,track3/A-int,07.md,303,4,156,STAGE_SUCCESS,4.0,AI,1.0,0.0,0.0,307
track3_A-int__08,track3/A-int,08.md,249,3,159,STAGE_SUCCESS,4.0,Mixed,0.15594404935836792,0.8440559506416321,0.0,257
track3_A-int__09,track3/A-int,09.md,298,3,162,STAGE_SUCCESS,4.0,AI,1.0,0.0,0.0,307
t1_O__01-linkedin-post,t1/O,01-linkedin-post.md,159,2,164,STAGE_SUCCESS,4.0,AI,1.0,0.0,0.0,164
t1_O__02-cold-sales-email,t1/O,02-cold-sales-email.md,59,1,165,STAGE_SUCCESS,4.0,AI,1.0,0.0,0.0,64
t1_O__03-release-notes,t1/O,03-release-notes.md,62,1,166,STAGE_SUCCESS,4.0,AI,1.0,0.0,0.0,62
t1_O__04-newsletter-intro,t1/O,04-newsletter-intro.md,92,1,167,STAGE_SUCCESS,4.0,AI,1.0,0.0,0.0,96
t1_O__05-prd-section-problem-goals,t1/O,05-prd-section-problem-goals.md,466,5,172,STAGE_SUCCESS,4.0,AI,1.0,0.0,0.0,452
t1_O__06-landing-page-copy-hero-3-secti,t1/O,06-landing-page-copy-hero-3-secti.md,142,2,174,STAGE_SUCCESS,4.0,Mixed,0.34716981649398804,0.0,0.652830183506012,141
t1_O__07-slack-status-update-to-the-tea,t1/O,07-slack-status-update-to-the-tea.md,30,1,175,STAGE_SUCCESS,4.0,AI,1.0,0.0,0.0,31
t1_O__08-blog-post-paragraph-opinion,t1/O,08-blog-post-paragraph-opinion.md,76,1,176,STAGE_SUCCESS,4.0,AI,1.0,0.0,0.0,80
t1_O__09-customer-support-reply,t1/O,09-customer-support-reply.md,122,2,178,STAGE_SUCCESS,4.0,AI,1.0,0.0,0.0,127
t1_O__10-customer-email-announcing-a-pr,t1/O,10-customer-email-announcing-a-pr.md,88,1,179,STAGE_SUCCESS,4.0,AI,1.0,0.0,0.0,90
t1_O__11-job-post-intro,t1/O,11-job-post-intro.md,224,3,182,STAGE_SUCCESS,4.0,AI,1.0,0.0,0.0,240
t1_O__12-conference-talk-abstract-speak,t1/O,12-conference-talk-abstract-speak.md,98,1,183,STAGE_SUCCESS,4.0,AI,1.0,0.0,0.0,100
t1_O__13-internal-strategy-memo,t1/O,13-internal-strategy-memo.md,521,6,189,STAGE_SUCCESS,4.0,AI,1.0,0.0,0.0,527
t1_O__14-x-twitter-thread-5-7-posts,t1/O,14-x-twitter-thread-5-7-posts.md,189,2,191,STAGE_SUCCESS,4.0,AI,1.0,0.0,0.0,201
t1_O__15-app-store-description,t1/O,15-app-store-description.md,239,3,194,STAGE_SUCCESS,4.0,AI,1.0,0.0,0.0,244
t1_O__16-personal-reflection-first-pers,t1/O,16-personal-reflection-first-pers.md,119,2,196,STAGE_SUCCESS,4.0,AI,1.0,0.0,0.0,121
t1_E__01-linkedin-post,t1/E,01-linkedin-post.md,168,2,198,STAGE_SUCCESS,4.0,Human,0.0,0.0,1.0,170
t1_E__02-cold-sales-email,t1/E,02-cold-sales-email.md,80,1,199,STAGE_SUCCESS,4.0,AI,1.0,0.0,0.0,84
t1_E__03-release-notes,t1/E,03-release-notes.md,57,1,200,STAGE_SUCCESS,4.0,Human,0.0,0.0,1.0,63
t1_E__04-newsletter-intro,t1/E,04-newsletter-intro.md,86,1,201,STAGE_SUCCESS,4.0,AI,1.0,0.0,0.0,88
t1_E__05-prd-section-problem-goals,t1/E,05-prd-section-problem-goals.md,505,6,207,STAGE_SUCCESS,4.0,Human,0.0,0.0,1.0,482
t1_E__06-landing-page-copy-hero-3-secti,t1/E,06-landing-page-copy-hero-3-secti.md,129,2,209,STAGE_SUCCESS,4.0,Human,0.0,0.0,1.0,134
t1_E__08-blog-post-paragraph-opinion,t1/E,08-blog-post-paragraph-opinion.md,67,1,210,STAGE_SUCCESS,4.0,Human,0.0,0.0,1.0,69
t1_E__09-customer-support-reply,t1/E,09-customer-support-reply.md,114,2,212,STAGE_SUCCESS,4.0,Human,0.0,0.0,1.0,114
t1_E__10-customer-email-announcing-a-pr,t1/E,10-customer-email-announcing-a-pr.md,98,1,213,STAGE_SUCCESS,4.0,Human,0.0,0.0,1.0,99
t1_E__11-job-post-intro,t1/E,11-job-post-intro.md,168,2,215,STAGE_SUCCESS,4.0,Human,0.0,0.0,1.0,179
t1_E__12-conference-talk-abstract-speak,t1/E,12-conference-talk-abstract-speak.md,115,2,217,STAGE_SUCCESS,4.0,Human,0.0,0.0,1.0,117
t1_E__13-internal-strategy-memo,t1/E,13-internal-strategy-memo.md,606,7,224,STAGE_SUCCESS,4.0,Human,0.0,0.0,1.0,585
t1_E__14-x-twitter-thread-5-7-posts,t1/E,14-x-twitter-thread-5-7-posts.md,163,2,226,STAGE_SUCCESS,4.0,Human,0.0,0.0,1.0,173
t1_E__15-app-store-description,t1/E,15-app-store-description.md,184,2,228,STAGE_SUCCESS,4.0,Human,0.0,0.0,1.0,187
t1_E__16-personal-reflection-first-pers,t1/E,16-personal-reflection-first-pers.md,91,1,229,STAGE_SUCCESS,4.0,Human,0.0,0.0,1.0,91
t1_A__01-linkedin-post,t1/A,01-linkedin-post.md,113,2,231,STAGE_SUCCESS,4.0,AI,1.0,0.0,0.0,119
t1_A__02-cold-sales-email,t1/A,02-cold-sales-email.md,63,1,232,STAGE_SUCCESS,4.0,AI,1.0,0.0,0.0,67
t1_A__03-release-notes,t1/A,03-release-notes.md,55,1,233,STAGE_SUCCESS,4.0,AI,1.0,0.0,0.0,55
t1_A__04-newsletter-intro,t1/A,04-newsletter-intro.md,94,1,234,STAGE_SUCCESS,4.0,AI,1.0,0.0,0.0,98
t1_A__05-prd-section-problem-goals,t1/A,05-prd-section-problem-goals.md,465,5,239,STAGE_SUCCESS,4.0,AI,1.0,0.0,0.0,451
t1_A__06-landing-page-copy-hero-3-secti,t1/A,06-landing-page-copy-hero-3-secti.md,114,2,241,STAGE_SUCCESS,4.0,AI,1.0,0.0,0.0,111
t1_A__07-slack-status-update-to-the-tea,t1/A,07-slack-status-update-to-the-tea.md,29,1,242,STAGE_SUCCESS,4.0,AI,1.0,0.0,0.0,30
t1_A__08-blog-post-paragraph-opinion,t1/A,08-blog-post-paragraph-opinion.md,51,1,243,STAGE_SUCCESS,4.0,AI,1.0,0.0,0.0,53
t1_A__09-customer-support-reply,t1/A,09-customer-support-reply.md,79,1,244,STAGE_SUCCESS,4.0,AI,1.0,0.0,0.0,83
t1_A__10-customer-email-announcing-a-pr,t1/A,10-customer-email-announcing-a-pr.md,72,1,245,STAGE_SUCCESS,4.0,AI,1.0,0.0,0.0,75
t1_A__11-job-post-intro,t1/A,11-job-post-intro.md,221,3,248,STAGE_SUCCESS,4.0,AI,1.0,0.0,0.0,234
t1_A__12-conference-talk-abstract-speak,t1/A,12-conference-talk-abstract-speak.md,94,1,249,STAGE_SUCCESS,4.0,Mixed,0.0,1.0,0.0,96
t1_A__13-internal-strategy-memo,t1/A,13-internal-strategy-memo.md,521,6,255,STAGE_SUCCESS,4.0,AI,1.0,0.0,0.0,525
t1_A__14-x-twitter-thread-5-7-posts,t1/A,14-x-twitter-thread-5-7-posts.md,160,2,257,STAGE_SUCCESS,4.0,AI,1.0,0.0,0.0,169
t1_A__15-app-store-description,t1/A,15-app-store-description.md,182,2,259,STAGE_SUCCESS,4.0,Mixed,0.35132741928100586,0.0,0.6486725807189941,185
t1_A__16-personal-reflection-first-pers,t1/A,16-personal-reflection-first-pers.md,115,2,261,STAGE_SUCCESS,4.0,AI,1.0,0.0,0.0,117
t1_B2__01-linkedin-post,t1/B2,01-linkedin-post.md,124,2,263,STAGE_SUCCESS,4.0,AI,1.0,0.0,0.0,129
t1_B2__02-cold-sales-email,t1/B2,02-cold-sales-email.md,59,1,264,STAGE_SUCCESS,4.0,AI,1.0,0.0,0.0,65
t1_B2__03-release-notes,t1/B2,03-release-notes.md,59,1,265,STAGE_SUCCESS,4.0,AI,1.0,0.0,0.0,59
t1_B2__04-newsletter-intro,t1/B2,04-newsletter-intro.md,94,1,266,STAGE_SUCCESS,4.0,AI,1.0,0.0,0.0,98
t1_B2__05-prd-section-problem-goals,t1/B2,05-prd-section-problem-goals.md,458,5,271,STAGE_SUCCESS,4.0,AI,1.0,0.0,0.0,444
t1_B2__06-landing-page-copy-hero-3-secti,t1/B2,06-landing-page-copy-hero-3-secti.md,133,2,273,STAGE_SUCCESS,4.0,Mixed,0.6436464190483093,0.0,0.3563535809516907,134
t1_B2__07-slack-status-update-to-the-tea,t1/B2,07-slack-status-update-to-the-tea.md,31,1,274,STAGE_SUCCESS,4.0,AI,1.0,0.0,0.0,32
t1_B2__08-blog-post-paragraph-opinion,t1/B2,08-blog-post-paragraph-opinion.md,59,1,275,STAGE_SUCCESS,4.0,AI,1.0,0.0,0.0,60
t1_B2__09-customer-support-reply,t1/B2,09-customer-support-reply.md,77,1,276,STAGE_SUCCESS,4.0,AI,1.0,0.0,0.0,81
t1_B2__10-customer-email-announcing-a-pr,t1/B2,10-customer-email-announcing-a-pr.md,77,1,277,STAGE_SUCCESS,4.0,AI,1.0,0.0,0.0,79
t1_B2__11-job-post-intro,t1/B2,11-job-post-intro.md,219,3,280,STAGE_SUCCESS,4.0,AI,1.0,0.0,0.0,235
t1_B2__12-conference-talk-abstract-speak,t1/B2,12-conference-talk-abstract-speak.md,103,2,282,STAGE_SUCCESS,4.0,AI,1.0,0.0,0.0,106
t1_B2__13-internal-strategy-memo,t1/B2,13-internal-strategy-memo.md,514,6,288,STAGE_SUCCESS,4.0,AI,1.0,0.0,0.0,519
t1_B2__14-x-twitter-thread-5-7-posts,t1/B2,14-x-twitter-thread-5-7-posts.md,186,2,290,STAGE_SUCCESS,4.0,AI,1.0,0.0,0.0,197
t1_B2__15-app-store-description,t1/B2,15-app-store-description.md,199,2,292,STAGE_SUCCESS,4.0,AI,0.82896888256073,0.0,0.17103110253810883,205
t1_B2__16-personal-reflection-first-pers,t1/B2,16-personal-reflection-first-pers.md,115,2,294,STAGE_SUCCESS,4.0,AI,1.0,0.0,0.0,117
t1_C__01-linkedin-post,t1/C,01-linkedin-post.md,183,2,296,STAGE_SUCCESS,4.0,AI,1.0,0.0,0.0,193
t1_C__02-cold-sales-email,t1/C,02-cold-sales-email.md,70,1,297,STAGE_SUCCESS,4.0,AI,1.0,0.0,0.0,74
t1_C__03-release-notes,t1/C,03-release-notes.md,75,1,298,STAGE_SUCCESS,4.0,AI,1.0,0.0,0.0,75
t1_C__04-newsletter-intro,t1/C,04-newsletter-intro.md,94,1,299,STAGE_SUCCESS,4.0,AI,1.0,0.0,0.0,98
t1_C__05-prd-section-problem-goals,t1/C,05-prd-section-problem-goals.md,479,5,304,STAGE_SUCCESS,4.0,AI,1.0,0.0,0.0,470
t1_C__06-landing-page-copy-hero-3-secti,t1/C,06-landing-page-copy-hero-3-secti.md,142,2,306,STAGE_SUCCESS,4.0,AI,1.0,0.0,0.0,143
t1_C__07-slack-status-update-to-the-tea,t1/C,07-slack-status-update-to-the-tea.md,34,1,307,STAGE_SUCCESS,4.0,AI,1.0,0.0,0.0,36
t1_C__08-blog-post-paragraph-opinion,t1/C,08-blog-post-paragraph-opinion.md,82,1,308,"TIMEOUT on POST /task (crashed run; billing unknown, counted)",,,,,,
t1_C__08-blog-post-paragraph-opinion,t1/C,08-blog-post-paragraph-opinion.md,78,1,309,STAGE_SUCCESS,4.0,AI,1.0,0.0,0.0,80
t1_C__09-customer-support-reply,t1/C,09-customer-support-reply.md,80,1,310,STAGE_SUCCESS,4.0,AI,1.0,0.0,0.0,85
t1_C__10-customer-email-announcing-a-pr,t1/C,10-customer-email-announcing-a-pr.md,109,2,312,STAGE_SUCCESS,4.0,AI,1.0,0.0,0.0,117
t1_C__11-job-post-intro,t1/C,11-job-post-intro.md,220,3,315,STAGE_SUCCESS,4.0,AI,1.0,0.0,0.0,234
t1_C__12-conference-talk-abstract-speak,t1/C,12-conference-talk-abstract-speak.md,109,2,317,STAGE_SUCCESS,4.0,AI,1.0,0.0,0.0,113
t1_C__13-internal-strategy-memo,t1/C,13-internal-strategy-memo.md,595,6,323,STAGE_SUCCESS,4.0,AI,1.0,0.0,0.0,609
t1_C__14-x-twitter-thread-5-7-posts,t1/C,14-x-twitter-thread-5-7-posts.md,183,2,325,STAGE_SUCCESS,4.0,AI,1.0,0.0,0.0,196
t1_C__15-app-store-description,t1/C,15-app-store-description.md,227,3,328,STAGE_SUCCESS,4.0,Mixed,0.6434395909309387,0.0,0.3565604090690613,233
t1_C__16-personal-reflection-first-pers,t1/C,16-personal-reflection-first-pers.md,123,2,330,STAGE_SUCCESS,4.0,AI,1.0,0.0,0.0,126
gen_E-write__01-linkedin-post,gen/E-write,01-linkedin-post.md,69,1,331,STAGE_SUCCESS,4.0,AI,1.0,0.0,0.0,69
gen_E-write__02-cold-sales-email,gen/E-write,02-cold-sales-email.md,60,1,332,STAGE_SUCCESS,4.0,AI,1.0,0.0,0.0,62
gen_E-write__03-release-notes,gen/E-write,03-release-notes.md,38,1,333,STAGE_SUCCESS,4.0,Human,0.0,0.0,1.0,39
gen_E-write__04-newsletter-intro,gen/E-write,04-newsletter-intro.md,117,2,335,STAGE_SUCCESS,4.0,Human,0.0,0.0,1.0,120
gen_E-write__05-prd-section-problem-goals,gen/E-write,05-prd-section-problem-goals.md,394,4,339,STAGE_SUCCESS,4.0,Human,0.0,0.0,1.0,404
gen_E-write__06-landing-page-copy-hero-3-secti,gen/E-write,06-landing-page-copy-hero-3-secti.md,187,2,341,STAGE_SUCCESS,4.0,Human,0.0,0.0,1.0,183
gen_E-write__07-slack-status-update-to-the-tea,gen/E-write,07-slack-status-update-to-the-tea.md,34,1,342,STAGE_SUCCESS,4.0,Human,0.0,0.0,1.0,34
gen_E-write__08-blog-post-paragraph-opinion,gen/E-write,08-blog-post-paragraph-opinion.md,66,1,343,STAGE_SUCCESS,4.0,Human,0.0,0.0,1.0,68
gen_E-write__09-customer-support-reply,gen/E-write,09-customer-support-reply.md,106,2,345,STAGE_SUCCESS,4.0,Mixed,0.41988950967788696,0.0,0.580110490322113,106
gen_E-write__10-customer-email-announcing-a-pr,gen/E-write,10-customer-email-announcing-a-pr.md,90,1,346,STAGE_SUCCESS,4.0,Human,0.0,0.0,1.0,91
gen_E-write__11-job-post-intro,gen/E-write,11-job-post-intro.md,214,3,349,STAGE_SUCCESS,4.0,Human,0.0,0.0,1.0,216
gen_E-write__12-conference-talk-abstract-speak,gen/E-write,12-conference-talk-abstract-speak.md,108,2,351,STAGE_SUCCESS,4.0,Human,0.0,0.0,1.0,112
gen_E-write__13-internal-strategy-memo,gen/E-write,13-internal-strategy-memo.md,380,4,355,STAGE_SUCCESS,4.0,AI,1.0,0.0,0.0,387
gen_E-write__14-x-twitter-thread-5-7-posts,gen/E-write,14-x-twitter-thread-5-7-posts.md,130,2,357,STAGE_SUCCESS,4.0,Human,0.0,0.0,1.0,139
gen_E-write__15-app-store-description,gen/E-write,15-app-store-description.md,93,1,358,STAGE_SUCCESS,4.0,Human,0.0,0.0,1.0,96
gen_E-write__16-personal-reflection-first-pers,gen/E-write,16-personal-reflection-first-pers.md,146,2,360,STAGE_SUCCESS,4.0,Human,0.0,0.0,1.0,152
t1_B3__01-linkedin-post,t1/B3,01-linkedin-post.md,123,2,362,STAGE_SUCCESS,4.0,AI,1.0,0.0,0.0,129
t1_B3__02-cold-sales-email,t1/B3,02-cold-sales-email.md,54,1,363,STAGE_SUCCESS,4.0,AI,1.0,0.0,0.0,59
t1_B3__03-release-notes,t1/B3,03-release-notes.md,57,1,364,STAGE_SUCCESS,4.0,AI,1.0,0.0,0.0,56
t1_B3__04-newsletter-intro,t1/B3,04-newsletter-intro.md,95,1,365,STAGE_SUCCESS,4.0,AI,1.0,0.0,0.0,99
t1_B3__05-prd-section-problem-goals,t1/B3,05-prd-section-problem-goals.md,461,5,370,STAGE_SUCCESS,4.0,AI,1.0,0.0,0.0,447
t1_B3__06-landing-page-copy-hero-3-secti,t1/B3,06-landing-page-copy-hero-3-secti.md,131,2,372,STAGE_SUCCESS,4.0,Mixed,0.37290501594543457,0.0,0.6270949840545654,129
t1_B3__07-slack-status-update-to-the-tea,t1/B3,07-slack-status-update-to-the-tea.md,31,1,373,STAGE_SUCCESS,4.0,AI,1.0,0.0,0.0,32
t1_B3__08-blog-post-paragraph-opinion,t1/B3,08-blog-post-paragraph-opinion.md,59,1,374,STAGE_SUCCESS,4.0,AI,1.0,0.0,0.0,61
t1_B3__09-customer-support-reply,t1/B3,09-customer-support-reply.md,84,1,375,STAGE_SUCCESS,4.0,AI,1.0,0.0,0.0,88
t1_B3__10-customer-email-announcing-a-pr,t1/B3,10-customer-email-announcing-a-pr.md,77,1,376,STAGE_SUCCESS,4.0,AI,1.0,0.0,0.0,81
t1_B3__11-job-post-intro,t1/B3,11-job-post-intro.md,222,3,379,STAGE_SUCCESS,4.0,AI,1.0,0.0,0.0,237
t1_B3__12-conference-talk-abstract-speak,t1/B3,12-conference-talk-abstract-speak.md,106,2,381,STAGE_SUCCESS,4.0,Mixed,0.0,0.7068965435028076,0.2931034564971924,109
t1_B3__13-internal-strategy-memo,t1/B3,13-internal-strategy-memo.md,524,6,387,STAGE_SUCCESS,4.0,AI,1.0,0.0,0.0,528
t1_B3__14-x-twitter-thread-5-7-posts,t1/B3,14-x-twitter-thread-5-7-posts.md,181,2,389,STAGE_SUCCESS,4.0,AI,1.0,0.0,0.0,191
t1_B3__15-app-store-description,t1/B3,15-app-store-description.md,207,3,392,STAGE_SUCCESS,4.0,AI,0.8271704316139221,0.0,0.17282958328723907,211
t1_B3__16-personal-reflection-first-pers,t1/B3,16-personal-reflection-first-pers.md,114,2,394,STAGE_SUCCESS,4.0,AI,1.0,0.0,0.0,116
t1_B__01-linkedin-post,t1/B,01-linkedin-post.md,123,2,396,STAGE_SUCCESS,4.0,AI,1.0,0.0,0.0,128
t1_B__02-cold-sales-email,t1/B,02-cold-sales-email.md,57,1,397,STAGE_SUCCESS,4.0,AI,1.0,0.0,0.0,62
t1_B__03-release-notes,t1/B,03-release-notes.md,50,1,398,STAGE_SUCCESS,4.0,AI,1.0,0.0,0.0,49
t1_B__04-newsletter-intro,t1/B,04-newsletter-intro.md,92,1,399,STAGE_SUCCESS,4.0,AI,1.0,0.0,0.0,95
t1_B__05-prd-section-problem-goals,t1/B,05-prd-section-problem-goals.md,459,5,404,STAGE_SUCCESS,4.0,AI,1.0,0.0,0.0,445
t1_B__06-landing-page-copy-hero-3-secti,t1/B,06-landing-page-copy-hero-3-secti.md,130,2,406,STAGE_SUCCESS,4.0,Mixed,0.3080229163169861,0.0,0.6919770836830139,128
t1_B__07-slack-status-update-to-the-tea,t1/B,07-slack-status-update-to-the-tea.md,27,1,407,STAGE_SUCCESS,4.0,AI,1.0,0.0,0.0,28
t1_B__08-blog-post-paragraph-opinion,t1/B,08-blog-post-paragraph-opinion.md,66,1,408,STAGE_SUCCESS,4.0,AI,1.0,0.0,0.0,68
t1_B__09-customer-support-reply,t1/B,09-customer-support-reply.md,84,1,409,STAGE_SUCCESS,4.0,AI,1.0,0.0,0.0,88
t1_B__10-customer-email-announcing-a-pr,t1/B,10-customer-email-announcing-a-pr.md,68,1,410,STAGE_SUCCESS,4.0,AI,1.0,0.0,0.0,70
t1_B__11-job-post-intro,t1/B,11-job-post-intro.md,218,3,413,STAGE_SUCCESS,4.0,AI,1.0,0.0,0.0,230
t1_B__12-conference-talk-abstract-speak,t1/B,12-conference-talk-abstract-speak.md,89,1,414,STAGE_SUCCESS,4.0,Mixed,0.0,1.0,0.0,92
t1_B__13-internal-strategy-memo,t1/B,13-internal-strategy-memo.md,489,5,419,STAGE_SUCCESS,4.0,AI,1.0,0.0,0.0,495
t1_B__14-x-twitter-thread-5-7-posts,t1/B,14-x-twitter-thread-5-7-posts.md,175,2,421,STAGE_SUCCESS,4.0,AI,1.0,0.0,0.0,186
t1_B__15-app-store-description,t1/B,15-app-store-description.md,197,2,423,STAGE_SUCCESS,4.0,AI,0.840531587600708,0.0,0.15946844220161438,200
t1_B__16-personal-reflection-first-pers,t1/B,16-personal-reflection-first-pers.md,102,2,425,STAGE_SUCCESS,4.0,AI,1.0,0.0,0.0,103
human_excerpt,human,human-02,276,3,428,STAGE_SUCCESS,4.0,Human,0.0,0.0,1.0,283
human_excerpt,human,human-03,307,4,432,STAGE_SUCCESS,4.0,Human,0.0,0.0,1.0,303
human_excerpt,human,human-04,304,4,436,STAGE_SUCCESS,4.0,Human,0.0,0.0,1.0,299
human_excerpt,human,human-05,369,4,440,STAGE_SUCCESS,4.0,Human,0.0,0.0,1.0,817
human_excerpt,human,human-06,291,3,443,STAGE_SUCCESS,4.0,Human,0.0,0.0,1.0,294
human_excerpt,human,human-10,282,3,446,STAGE_SUCCESS,4.0,Human,0.0,0.0,1.0,280
holdout_O__01-linkedin-post,holdout/O,01-linkedin-post.md,101,2,448,STAGE_SUCCESS,4.0,AI,1.0,0.0,0.0,110
holdout_O__02-recruiting-outreach-email,holdout/O,02-recruiting-outreach-email.md,68,1,449,STAGE_SUCCESS,4.0,AI,1.0,0.0,0.0,77
holdout_O__03-product-update-email-to-users,holdout/O,03-product-update-email-to-users.md,193,2,451,STAGE_SUCCESS,4.0,AI,1.0,0.0,0.0,199
holdout_O__04-newsletter-intro,holdout/O,04-newsletter-intro.md,147,2,453,STAGE_SUCCESS,4.0,AI,1.0,0.0,0.0,158
holdout_O__05-slack-message-asking-a-colleag,holdout/O,05-slack-message-asking-a-colleag.md,59,1,454,STAGE_SUCCESS,4.0,AI,1.0,0.0,0.0,59
holdout_O__06-how-to-blog-paragraph,holdout/O,06-how-to-blog-paragraph.md,106,2,456,STAGE_SUCCESS,4.0,AI,1.0,0.0,0.0,108
holdout_O__07-customer-support-reply-about-a,holdout/O,07-customer-support-reply-about-a.md,73,1,457,STAGE_SUCCESS,4.0,AI,1.0,0.0,0.0,74
holdout_O__08-about-page-founder-bio,holdout/O,08-about-page-founder-bio.md,70,1,458,STAGE_SUCCESS,4.0,AI,1.0,0.0,0.0,75
holdout2_O__01-investor-update-email,holdout2/O,01-investor-update-email.md,94,1,459,STAGE_SUCCESS,4.0,AI,1.0,0.0,0.0,96
holdout2_O__02-outage-apology-email-to-custom,holdout2/O,02-outage-apology-email-to-custom.md,101,2,461,STAGE_SUCCESS,4.0,AI,1.0,0.0,0.0,107
holdout2_O__03-meeting-recap-email-to-a-clien,holdout2/O,03-meeting-recap-email-to-a-clien.md,133,2,463,STAGE_SUCCESS,4.0,AI,1.0,0.0,0.0,133
holdout2_O__04-case-study-paragraph,holdout2/O,04-case-study-paragraph.md,61,1,464,STAGE_SUCCESS,4.0,Human,0.0,0.0,1.0,63
holdout2_O__05-event-invitation-post,holdout2/O,05-event-invitation-post.md,117,2,466,STAGE_SUCCESS,4.0,AI,1.0,0.0,0.0,111
holdout2_O__06-faq-answer-on-a-product-help-p,holdout2/O,06-faq-answer-on-a-product-help-p.md,43,1,467,STAGE_SUCCESS,4.0,AI,1.0,0.0,0.0,47
holdout2_O__07-internal-announcement-of-a-new,holdout2/O,07-internal-announcement-of-a-new.md,243,3,470,STAGE_SUCCESS,4.0,AI,1.0,0.0,0.0,246
holdout2_O__08-personal-blog-post-opening,holdout2/O,08-personal-blog-post-opening.md,136,2,472,STAGE_SUCCESS,4.0,AI,1.0,0.0,0.0,141
t1_B5__01-linkedin-post,t1/B5,01-linkedin-post.md,148,2,474,STAGE_SUCCESS,4.0,AI,1.0,0.0,0.0,153
t1_B5__02-cold-sales-email,t1/B5,02-cold-sales-email.md,61,1,475,STAGE_SUCCESS,4.0,AI,1.0,0.0,0.0,66
t1_B5__03-release-notes,t1/B5,03-release-notes.md,56,1,476,STAGE_SUCCESS,4.0,AI,1.0,0.0,0.0,56
t1_B5__04-newsletter-intro,t1/B5,04-newsletter-intro.md,96,1,477,STAGE_SUCCESS,4.0,AI,1.0,0.0,0.0,100
t1_B5__05-prd-section-problem-goals,t1/B5,05-prd-section-problem-goals.md,463,5,482,STAGE_SUCCESS,4.0,AI,1.0,0.0,0.0,451
t1_B5__06-landing-page-copy-hero-3-secti,t1/B5,06-landing-page-copy-hero-3-secti.md,131,2,484,STAGE_SUCCESS,4.0,Mixed,0.6466480493545532,0.0,0.3533519506454468,130
t1_B5__07-slack-status-update-to-the-tea,t1/B5,07-slack-status-update-to-the-tea.md,27,1,485,STAGE_SUCCESS,4.0,AI,1.0,0.0,0.0,29
t1_B5__08-blog-post-paragraph-opinion,t1/B5,08-blog-post-paragraph-opinion.md,81,1,486,STAGE_SUCCESS,4.0,AI,1.0,0.0,0.0,86
t1_B5__09-customer-support-reply,t1/B5,09-customer-support-reply.md,95,1,487,STAGE_SUCCESS,4.0,AI,1.0,0.0,0.0,100
t1_B5__10-customer-email-announcing-a-pr,t1/B5,10-customer-email-announcing-a-pr.md,84,1,488,STAGE_SUCCESS,4.0,AI,1.0,0.0,0.0,87
t1_B5__11-job-post-intro,t1/B5,11-job-post-intro.md,223,3,491,STAGE_SUCCESS,4.0,AI,1.0,0.0,0.0,239
t1_B5__12-conference-talk-abstract-speak,t1/B5,12-conference-talk-abstract-speak.md,115,2,493,STAGE_SUCCESS,4.0,AI,1.0,0.0,0.0,117
t1_B5__13-internal-strategy-memo,t1/B5,13-internal-strategy-memo.md,552,6,499,STAGE_SUCCESS,4.0,AI,1.0,0.0,0.0,570
track3_D__02,track3/D,02.md,281,3,502,STAGE_SUCCESS,4.0,AI,1.0,0.0,0.0,297
track3_D__03,track3/D,03.md,299,3,505,STAGE_SUCCESS,4.0,AI,1.0,0.0,0.0,316
track3_D__04,track3/D,04.md,308,4,509,STAGE_SUCCESS,4.0,AI,1.0,0.0,0.0,318
track3_D__05,track3/D,05.md,292,3,512,STAGE_SUCCESS,4.0,AI,1.0,0.0,0.0,307
track3_D__06,track3/D,06.md,322,4,516,STAGE_SUCCESS,4.0,AI,1.0,0.0,0.0,331
track3_D__10,track3/D,10.md,340,4,520,STAGE_SUCCESS,4.0,AI,1.0,0.0,0.0,350
track3_B5-ask__01,track3/B5-ask,01.md,307,4,524,STAGE_SUCCESS,4.0,AI,1.0,0.0,0.0,311
track3_B5-ask__02,track3/B5-ask,02.md,279,3,527,STAGE_SUCCESS,4.0,AI,0.9138533473014832,0.08614668250083923,0.0,292
track3_B5-ask__03,track3/B5-ask,03.md,279,3,530,STAGE_SUCCESS,4.0,AI,1.0,0.0,0.0,294
track3_B5-ask__04,track3/B5-ask,04.md,324,4,534,STAGE_SUCCESS,4.0,AI,0.8921933174133301,0.0,0.10780669003725052,327
track3_B5-ask__05,track3/B5-ask,05.md,292,3,537,STAGE_SUCCESS,4.0,AI,1.0,0.0,0.0,306
track3_B5-ask__06,track3/B5-ask,06.md,294,3,540,STAGE_SUCCESS,4.0,Mixed,0.13388139009475708,0.0,0.8661186099052429,304
track3_B5-ask__07,track3/B5-ask,07.md,339,4,544,STAGE_SUCCESS,4.0,Mixed,0.7538779973983765,0.1147880032658577,0.13133402168750763,346
track3_B5-ask__08,track3/B5-ask,08.md,297,3,547,STAGE_SUCCESS,4.0,Mixed,0.4544917345046997,0.0,0.5455082654953003,308
track3_B5-ask__09,track3/B5-ask,09.md,331,4,551,STAGE_SUCCESS,4.0,Mixed,0.6598639488220215,0.0,0.3401360511779785,347
track3_B5-ask__10,track3/B5-ask,10.md,332,4,555,STAGE_SUCCESS,4.0,Mixed,0.6558474898338318,0.0,0.3441525101661682,343
track3_B5I-ask__01,track3/B5I-ask,01.md,269,3,558,STAGE_SUCCESS,4.0,AI,1.0,0.0,0.0,275
track3_B5I-ask__02,track3/B5I-ask,02.md,267,3,561,STAGE_SUCCESS,4.0,AI,1.0,0.0,0.0,277
track3_B5I-ask__03,track3/B5I-ask,03.md,292,3,564,STAGE_SUCCESS,4.0,AI,0.8325661420822144,0.16743382811546326,0.0,308
track3_B5I-ask__04,track3/B5I-ask,04.md,230,3,567,STAGE_SUCCESS,4.0,Human,0.0,0.0,1.0,236
track3_B5I-ask__05,track3/B5I-ask,05.md,295,3,570,STAGE_SUCCESS,4.0,AI,1.0,0.0,0.0,309
track3_B5I-ask__06,track3/B5I-ask,06.md,317,4,574,STAGE_SUCCESS,4.0,Mixed,0.2431693971157074,0.0,0.7568305730819702,326
track3_B5I-ask__07,track3/B5I-ask,07.md,162,2,576,STAGE_SUCCESS,4.0,Human,0.0,0.0,1.0,166
track3_B5I-ask__08,track3/B5I-ask,08.md,255,3,579,STAGE_SUCCESS,4.0,Human,0.0,0.0,1.0,260
track3_B5I-ask__09,track3/B5I-ask,09.md,323,4,583,STAGE_SUCCESS,4.0,Mixed,0.33815649151802063,0.0,0.6618435382843018,333
track3_B5I-ask__10,track3/B5I-ask,10.md,353,4,587,STAGE_SUCCESS,4.0,Mixed,0.731096625328064,0.0,0.26890334486961365,360
track3_B5-notes__01,track3/B5-notes,01.md,350,4,591,STAGE_SUCCESS,4.0,Human,0.0,0.0,1.0,354
track3_B5-notes__07,track3/B5-notes,07.md,423,5,596,STAGE_SUCCESS,4.0,Mixed,0.14691558480262756,0.0,0.8530844449996948,430
track3_B5-notes__08,track3/B5-notes,08.md,327,4,600,STAGE_SUCCESS,4.0,Human,0.0,0.0,1.0,337
track3_B5-notes__09,track3/B5-notes,09.md,349,4,604,STAGE_SUCCESS,4.0,Mixed,0.1601601541042328,0.0,0.8398398160934448,364
track3_B5I-notes__01,track3/B5I-notes,01.md,261,3,607,STAGE_SUCCESS,4.0,Human,0.0,0.0,1.0,265
track3_B5I-notes__07,track3/B5I-notes,07.md,322,4,611,STAGE_SUCCESS,4.0,Human,0.0,0.0,1.0,328
track3_B5I-notes__08,track3/B5I-notes,08.md,284,3,614,STAGE_SUCCESS,4.0,Human,0.0,0.0,1.0,295
track3_B5I-notes__09,track3/B5I-notes,09.md,308,4,618,STAGE_SUCCESS,4.0,Human,0.0,0.0,1.0,322
